[{"id":"d27b4e98d78b5d5e85c2593970","class":"sheet","title":"Map 1","rootTopic":{"id":"3bdab683d9a95208d6c74a9e38","class":"topic","title":"ItelaPago","structureClass":"org.xmind.ui.logic.right","children":{"attached":[{"id":"6b48121e92da8593430f9b74b5","title":"Web","children":{"attached":[{"title":"registro de Usuarios","id":"ff87993e-10f9-4eaa-b16e-2046ad9759ff","children":{"attached":[{"title":"Naturales","id":"0e98f59b-48f2-48aa-8515-5ebe852c646a"},{"title":"Corporativos","id":"7bb2e7da-c95a-460a-bb6b-1b173b6682df"}]},"branch":"folded"},{"title":"Configuracion","id":"58555777-73cb-4247-a470-f0a5c5b70c1d","children":{"attached":[{"title":"Tipo de pago","id":"2d31a2c5-3a07-4aa2-88e0-33691d6a444c"},{"title":"Opciones de salida y entrada","id":"c515aadc-4348-4fc7-bc70-897f11a73603"},{"title":"Trasnferencia","id":"61a03f35-e573-48b6-a591-a651d8428913"},{"title":"Activacion y desactivacion de cuentas","id":"ba4c7124-c233-4979-a5b3-703a7bde7989"}]},"branch":"folded"}]},"branch":"folded"},{"id":"6348ebe8e8eaa16b61de0b77a4","title":"Aplicacion movil","children":{"attached":[{"title":"CouchDB","id":"e5792359-67af-4278-a24f-b256323ab680"}]},"branch":"folded"},{"id":"42f44298-da0a-4ea6-8cfb-c179217de464","title":"Servidores","children":{"attached":[{"title":"Web","id":"79ce4b87-352f-4176-b1db-74eb193b801a","children":{"attached":[{"title":"Usuarios","id":"149b10be-7db2-47e6-ada0-b01483106dc3","children":{"attached":[{"title":"Naturales","id":"f7932457-3868-4e44-809a-e18f4bc8bad3"},{"title":"Corporativos","id":"49f31cef-30e3-4a84-967c-4c412e85b72f"}]},"branch":"folded"},{"title":"Administracion","id":"e41b98a0-5d90-4943-849b-95cae13fc5cf","children":{"attached":[{"title":"Control de Licencia","id":"13d06333-4261-4f44-a560-60aaa4145cbe"}]},"branch":"folded"}]},"branch":"folded"},{"title":"Servicios - LN","id":"4bb70989-c854-49cf-88f6-018fdc6d6adc"},{"title":"Base de Datos","id":"ef0f7ff5-e362-4094-ae5d-f2ca617a7ae6","children":{"attached":[{"title":"PostgreSQL","id":"2c0be360-3a05-4139-9273-760028f8a83c"},{"title":"CouchDB","id":"6fc3b1d7-f4d6-4a61-867b-1c97936e1769"}]},"branch":"folded"}]},"branch":"folded"},{"title":"Dispositivo","id":"2dca27cf-9b82-477f-a722-ad53bd8b2b54","children":{"attached":[{"title":"PostgreSQL","id":"e6e49ad6-b944-43f5-93cf-5fd6415d14ca"}]},"branch":"folded"},{"title":"MER","id":"4fed0d28-a8c4-4b01-99fc-dedb93d9a7c7","children":{"attached":[{"title":"Movimientos o transacciones","id":"4c3c75ad-e649-41f2-b6f6-ccb5b32f834f","children":{"attached":[{"title":"id_movimiento","id":"b8d14597-20b3-46bf-8d7b-a39195df4201"},{"title":"tipo_movimiento","id":"de5e9dd5-eca2-4890-bbec-97cc50be8f49","children":{"attached":[{"title":"importe o pago","id":"01af0f4c-a3b4-4d5a-8d14-76d7393f902c"},{"title":"saldo","id":"d722c22f-9af5-4d7c-a4dc-4e23b9f2fcf5"},{"title":"transferencia","id":"cf69e242-0937-4b7c-bbd4-59e5505e008d"},{"title":"descuento","id":"0423ee5a-0e69-4efe-883c-43c5e8d5e5e5"}]},"branch":"folded"},{"title":"fecha_transaccion","id":"e8dfc91b-dbd5-4ae2-925d-81cb811037de"}]},"branch":"folded"},{"title":"facturacion","id":"e5be96e7-ab1a-4172-8543-f410ab885e68"},{"title":"paquetes o  promociones","id":"32372200-276c-4934-bbd3-dc5735affa4c"}]},"boundaries":[],"branch":"folded"},{"title":"Premisas","id":"cc24b3d1-fa03-4c99-95c4-9caffc2c7b7d","children":{"attached":[{"title":"Pago a dierentes servicios","id":"ae9f4ae6-6c1c-4d71-8b97-d1e5ded3e9ab","children":{"attached":[{"title":"Estacionamiento","id":"7105c75d-6317-4895-b205-4b6b7ae1d380","children":{"attached":[{"title":"Administracion","id":"7e9b6b9b-149f-409a-8c8c-b1c5aa3409ca","children":{"attached":[{"title":"Inventario de entrada y salidas","id":"54734b47-5665-4c42-b030-d336c6381b93"},{"title":"Control de numero de puestos disponibles","id":"558eff3f-f69d-417e-b8bb-4f0f96325aba"},{"title":"Incidencias","id":"aac7e257-5138-4ef9-a20e-da9fee033c8a"},{"title":"Dispositivos activos","id":"481b99da-aee5-42d0-bfb7-1459f0586ad9"},{"title":"descuentos y exoneraciones","id":"e5a9ae7a-8567-4f7e-a262-8ed82f8f7b07"},{"title":"Oertas o paquetes","id":"ba2c3c3b-508b-4438-89cb-a5277144d2d5"},{"title":"Usuarios permisos","id":"5869e50d-56bc-4693-afd3-f87cf743b6c6"}]},"branch":"folded"},{"title":"Cliente","id":"0f614085-7ba9-4b72-b258-c27d4bd91b2d","children":{"attached":[{"title":"Natural","id":"6f134695-36a1-4c55-9263-a7dc2e476548","children":{"attached":[{"title":"Control de E/S","id":"39b0d228-0db4-4b06-ad05-f706ce264550"},{"title":"Ofertas, promociones y/o paquetes","id":"8848f897-1203-410e-b00f-70cef5f5b41e"},{"title":"Cartelera informativa","id":"13491801-64d9-4d9a-89b4-393fccc0ce5e"}]},"branch":"folded"},{"title":"Corporativo","id":"4b2585b9-effd-4194-b643-76836891787b","children":{"attached":[{"title":"Control de E/S por vehiculo","id":"8f28e7f7-4fdf-45ae-a50d-06e755a2fc62","children":{"attached":[{"title":"Placa","id":"314846d4-656e-4f1a-9bb4-a34c307ce9f4"}]},"branch":"folded"},{"title":"Promociones, ofertas o paquetes","id":"ee59cef7-b8b7-43b1-92dc-10f019959995"},{"title":"Permisos","id":"913cc61f-e29d-4bbb-b90c-bd7bb071fa6c"},{"title":"Exoneraciones","id":"6a2a3e6d-e9fb-4885-acf1-c975290b687d"}]},"branch":"folded"}]},"branch":"folded"}]},"branch":"folded"},{"title":"Pago de productos","id":"73de1c99-7a08-4068-bf08-ea552ae1c540","children":{"attached":[{"title":"Viveres y licores","id":"b07e6046-d10e-46e1-b2bd-2af7b00ea9e7"},{"title":"PArtes y piezas","id":"f87c75b8-596f-4d05-a2bb-de0be57db76b"}]},"branch":"folded"},{"title":"Pago de servicios","id":"cccf4e8a-766a-4806-855e-edc8b14c93f1","children":{"attached":[{"title":"Electricidad","id":"eec727f0-e8de-43ad-a2c6-797aeaeb8084"},{"title":"Telefonia","id":"174ac9a4-881b-403b-bb57-b6c78d195183"},{"title":"Internet o telecomunicaciones","id":"7285121d-bff5-46df-abd2-043f91ecc4ce"},{"title":"Gas","id":"f34a863a-6933-471b-a028-5d89007a10fd"},{"title":"Agua","id":"cd4efe82-feaf-4dc2-a8c4-759c4f3b986b"}]},"branch":"folded"},{"title":"Paquetes y ofertas","id":"1ff70c32-ea22-4c9d-9c15-1a843148f9bb"},{"title":"Publcidad","id":"8e56c95b-cd1b-476f-85b1-60a75cea764c"}]},"branch":"folded"},{"title":"Facil de usar","id":"b921e707-dc5d-4677-94e1-491e350547f8"},{"title":"Registro sencillo de usuarios","id":"248d021d-3648-4c68-bf21-bfcabba36f7a"},{"title":"Configurable","id":"9716a03c-acf9-4534-946a-c41a60b1ce5d"},{"title":"Muestra informacion relervante","id":"8c2b914e-6e99-4bee-b9bd-baeb1acc213f"},{"title":"aRQUITECTURA  Escalable","id":"4dc994d0-850a-4789-ba3d-8e3d6ccdfcf5"},{"title":"Innovador","id":"4128c61b-268d-49f4-bf66-e942996541a2","children":{"attached":[{"title":"1era. etapa","id":"e4ba32bc-ccd0-42cc-a96b-640550e9ca51","children":{"attached":[{"title":"RFId","id":"92fcce71-3226-4cd2-be30-0070c0a89236","children":{"attached":[{"title":"NFC","id":"bbdfdd1e-fa9d-48f4-a8c7-1ecb3420a61a"},{"title":"UHF","id":"5e7de9a5-5da7-4a28-9f29-83ecb8b6a126"}]},"branch":"folded"},{"title":"QR","id":"1de48375-74ef-423b-a1db-1f6f091c767f","children":{"attached":[{"title":"En el estacionamiento","id":"0f47116d-30bd-4c00-b7ff-d63e623158e1"},{"title":"En el establecimiento del comercio","id":"f9883cea-d0dc-4be5-80e9-901b1ff560bb"}]},"branch":"folded"},{"title":"Placa","id":"291f7698-6d37-4179-83c0-da88efb9bdcd"},{"title":"Bluetooth ?","id":"0533067f-b491-4c10-be1b-651e57d9a329"},{"title":"Wifi ?","id":"6e6bb20b-9721-4559-832c-1367f30ec2d8"}]},"branch":"folded"},{"title":"2da. etapa","id":"ee73be04-84cf-4dc7-af69-0d352fdd0580"}]},"branch":"folded"}]},"branch":"folded"},{"title":"esquemas","id":"cee84a73-5a80-4000-a11e-d515b201a4a3","children":{"attached":[{"title":"sistema","id":"3d344591-7427-4c4d-9f43-d1b346cdbc10","children":{"attached":[{"title":"todo lo referente al menajo de las aplicaciones y sistemas relacionados y directos","id":"2ee215a8-f8ff-4f70-a0d9-58e44c0775d9","children":{"attached":[{"title":"licencia","id":"df17eeda-da04-4be0-affe-da01279ab484"},{"title":"permisos","id":"18554965-1966-4eb7-831f-51d0acc79094"},{"title":"versiones","id":"007b65a2-bc6a-4158-a946-fa2fb033b375"},{"title":"cifrado o certificados","id":"6a352cd4-50b2-44b6-9b9a-f2ba3c48a097"},{"title":"adm de base de datos","id":"a38044d0-d5f9-4e1c-9621-0085b2e28787"},{"title":"configuraciones","id":"b8243f0f-2fae-489d-91e7-d9d6b9cd52fc"},{"title":"coockies","id":"d0543ac7-83f6-4b9f-a56b-22eb1fc68359"}]},"branch":"folded"},{"title":"math","id":"3a20e727-4a36-48d3-a8cb-58e5aa31b60d","children":{"attached":[{"title":"id_math","id":"c652cbc9-bf49-401a-9301-894eb055d56c","style":{"id":"2ddaf2b2-a7a0-4576-a78d-e27fa8540a34","properties":{"border-line-width":"2pt","border-line-color":"#E32C2D","svg:fill":"#000000"}}},{"title":"version","id":"ade590b2-9581-49b4-878a-515c509eb7de"},{"title":"configuracion","id":"b67eb9d1-5332-452f-890a-a875de341157"},{"title":"id_comercio","id":"f4cb4732-6c4a-4aa8-a2f5-1a10b29d0813","style":{"id":"e72df991-dc13-4c77-b753-b83699eb8046","properties":{"border-line-width":"2pt","border-line-color":"#FF6F00"}}},{"title":"fecha_actualizacion","id":"5091ad1e-e5ab-40b0-a20c-3e13b5a5b3dc"},{"title":"id_licencia","id":"5978bea7-8b90-4be5-9ef8-8a5768762f4d","style":{"id":"d4b24366-e426-4cac-8139-7e1cf1bee2df","properties":{"border-line-width":"2pt","border-line-color":"#FF6F00"}}},{"title":"id_certificado","id":"d526ecd7-bc0d-49fd-b3c4-7a946c45ad6d","style":{"id":"f3e7e40b-c252-4023-8003-e6827bb232f4","properties":{"border-line-width":"2pt","border-line-color":"#FF6F00"}}}]},"branch":"folded"},{"title":"apk","id":"2b551219-6bc9-430f-abe9-1f8e0bf58ad4","children":{"attached":[{"title":"id_apk","id":"271e2f65-069b-4586-b626-f926f1dd9fb0","style":{"id":"cd0d7c37-736c-4150-a436-5456e77b2cab","properties":{"border-line-width":"2pt","border-line-color":"#E32C2D","svg:fill":"#000000"}}},{"title":"version","id":"403d3352-79c5-4024-9797-d9a5ea0d0315"},{"title":"id_certificado","id":"ebf660c8-bb2c-4ab3-89ed-81174b403512","style":{"id":"60501221-16a7-4b1a-86d7-6df75fec8ee9","properties":{"border-line-width":"2pt","border-line-color":"#FF6F00"}}},{"title":"fecha_actualizacion","id":"7a698f6d-ab6e-417d-b6d7-1d37d4013e40"}]},"branch":"folded"},{"title":"ios","id":"799aabc7-1eea-4a25-b1ef-18b78314f26f","children":{"attached":[{"title":"id_ios","id":"436ed2b2-811a-42d3-9023-4bc4d31ff861","style":{"id":"2b88a479-10d1-4b5c-ab1a-45597394fcb0","properties":{"border-line-width":"2pt","border-line-color":"#E32C2D","svg:fill":"#000000"}}},{"title":"version","id":"700724ab-3b09-4678-b262-6d71138761f2"},{"title":"id_certificado","id":"85f1e813-0156-41f5-8006-468a13cec5a2","style":{"id":"91a06c8a-0b4d-4da0-ba6a-b1de96dead8c","properties":{"border-line-width":"2pt","border-line-color":"#FF6F00"}}},{"title":"fecha_actualizacion","id":"4686817d-acf1-4789-a96e-9262a1439a86"}]},"branch":"folded"},{"title":"licencia","id":"37a05a37-6806-4c61-8fb7-dca6044c2a78","children":{"attached":[{"title":"id_licencia","id":"dca691ca-9894-43ec-80fe-d9fb6c1bbd46","style":{"id":"41c579fd-665c-40c4-ad89-56d5006fa7c9","properties":{"border-line-width":"2pt","border-line-color":"#E32C2D","svg:fill":"#000000"}}},{"title":"version","id":"0c560c74-a017-476d-b218-9a8eaa2175f7"},{"title":"fecha_implementacion","id":"495dd4a4-b87f-4824-8a28-f61b56270577"},{"title":"doc_pdf","id":"514f544b-8208-48bf-93b3-6a609edb2d90"}]},"branch":"folded"},{"title":"certificado","id":"6c3978b1-2612-45d0-be83-dbfad0634bd3","children":{"attached":[{"title":"id_certificado","id":"a5109cc0-0bd2-484b-b15f-d1349a644a21","style":{"id":"d4b87939-a1f2-4ba7-8e77-648847f46268","properties":{"border-line-width":"2pt","border-line-color":"#E32C2D","svg:fill":"#000000"}}},{"title":"algoritmo","id":"7af08029-e17b-40f6-bc29-f43d8b435733"},{"title":"version","id":"7a7ff424-7693-4f81-9548-e2ead65ca72f"},{"title":"fecha_actualizacion","id":"230af4ff-45d8-4a72-8a00-fecd622c6fb6"}]},"branch":"folded"}]},"branch":"folded"},{"title":"finanzas","id":"fe56ec64-702e-4c35-9692-6f029f416f77","children":{"attached":[{"title":"todo lo referente a las transacciones finacieras de los negocios o comercios asociados","id":"9c37b149-53c8-43ec-8644-49556d08dbe9","children":{"attached":[{"title":"pagos","id":"87be39a4-2587-49b3-9f69-23ed0c913bdb"},{"title":"paquetes y oertas","id":"d73db019-afef-41fb-8a0f-a94ff7d50095"},{"title":"saldo de clientes","id":"75a34d2e-a165-413d-954c-b4d342570756"},{"title":"saldo de centro comerciales","id":"ea788bf2-e7ba-4d79-ac5d-9257ec98f0f5"},{"title":"saldo de grupos","id":"2943d021-70b8-4699-8344-7f670ba97c9f"}]},"branch":"folded"},{"title":"Facturas","id":"ceb1f697-3a5a-489e-aabf-5eb184c878ba","children":{"attached":[{"title":"id_factura","id":"b8c81fe1-6a8b-4ed6-b99d-a33d3da5a955","style":{"id":"f43add76-54b5-4565-963b-73330f3e77f4","properties":{"border-line-width":"2pt","svg:fill":"#000000","border-line-color":"#E32C2D"}}},{"title":"id_usuario","id":"7338d07a-6550-40fa-a8e5-9ff873e65ba6","style":{"id":"b2006e30-ddb9-4aff-b4d0-7ebab7a8c311","properties":{"border-line-width":"2pt","border-line-color":"#FF6F00"}}},{"title":"id_comercio","id":"4035e48f-d0ba-4970-a0b5-0540666dc902","style":{"id":"26a0e61e-ba8d-4954-a328-7ef2373cd53b","properties":{"border-line-width":"2pt","border-line-color":"#FF6F00"}}},{"title":"id_moneda_ref","id":"999883c3-f3bf-4ae6-bc5d-6c6528e0f68c","style":{"id":"28c9abb3-ee6c-417f-b52c-23ba698858b9","properties":{"border-line-width":"2pt","border-line-color":"#FF6F00"}}},{"title":"descripcion","id":"30aae5ea-5f7e-4622-8a45-be4702c4e2dc"},{"title":"fecha_emision","id":"5818857b-2392-4b1f-87a0-48e1a9d47bf0"},{"title":"ruta_imagen","id":"f2f728e1-3aa4-4c0d-89b7-74fee7ea3729"}]},"class":"importantTopic","branch":"folded"},{"title":"factura_movimiento","id":"25d0c3c3-f374-454c-aaa9-536181aa4939","children":{"attached":[{"title":"id_fac_mov","id":"6db07b68-4627-48bc-b4f4-01048a475153","style":{"id":"ec7ddaf6-b1fe-40cf-a361-cdbba8181fe4","properties":{"border-line-width":"2pt","border-line-color":"#E32C2D","svg:fill":"#000000"}}},{"title":"id_factura","id":"b50bd522-920f-4b02-8ff4-e8f6106cd618","style":{"id":"5682991c-4821-4788-a471-e63316af55c4","properties":{"border-line-width":"2pt","border-line-color":"#FF6F00"}}},{"title":"id_mov_cuenta","id":"5badeb55-73cb-45d7-87ff-5c3cd2261fc5","style":{"id":"b89f1c8f-fe3a-41c2-a5ec-cef0e3c8851e","properties":{"border-line-width":"2pt","border-line-color":"#FF6F00"}}}]},"class":"minorTopic","branch":"folded"},{"title":"usuario_bancos","id":"93ff6f7b-77dd-44d0-aca1-ca238990a00a","children":{"attached":[{"title":"id_usr_bancos","id":"d897a477-132c-4c55-b483-ea50ad8309f2","style":{"id":"800bd287-e58f-46b9-81f5-9f8be0d09e6d","properties":{"border-line-width":"2pt","border-line-color":"#E32C2D"}}},{"title":"id_usuario","id":"83c5d619-e670-49db-ab45-97dc03a6d3bc","style":{"id":"bc6b6a55-2945-4935-8ffb-d71a6e36efaf","properties":{"border-line-width":"2pt","border-line-color":"#FF6F00"}}},{"title":"num_cuenta","id":"4c878b33-1d42-4fd4-b68a-3c5a565e7fed"},{"title":"nom_banco","id":"a887d982-c44f-49bb-a689-d17cf08847c5"}]},"class":"importantTopic","branch":"folded"},{"title":"mov_cuenta_usuario","id":"ea8e4262-8198-479e-998f-5229683a42d6","children":{"attached":[{"title":"id_mov_cuenta","id":"1cb39db5-1c5a-4fa4-8167-6a03122aa13d","style":{"id":"0fcd7366-6947-4b49-950f-338a41e78009","properties":{"svg:fill":"#000000","border-line-width":"2pt","border-line-color":"#E32C2D"}}},{"title":"id_usuario","id":"a9a484cb-538b-4d0f-8820-3ac47be5ff40","style":{"id":"8c041fbf-a111-4c06-a7f9-928bfec3bff6","properties":{"border-line-width":"2pt","border-line-color":"#FF6F00"}}},{"title":"id_comercio","id":"90782316-3605-4635-bcca-6c27e152da4c","style":{"id":"4f936e5f-4e32-460b-b2ea-54d164cf19c6","properties":{"border-line-width":"2pt","border-line-color":"#FF6F00"}}},{"title":"id_tipo_mov","id":"73cba41a-b96a-4601-a3e3-63d0b8296f85","style":{"id":"04f00995-aac7-4a30-9b1c-ae676f21f5f0","properties":{"border-line-width":"2pt","border-line-color":"#FF6F00"}}},{"title":"id_dsc_mov","id":"d2b46133-d98b-4b00-bb20-06fb8aa2d220","style":{"id":"f391ba07-4e5d-4078-8704-e6deb0f7f577","properties":{"border-line-width":"2pt","border-line-color":"#FF6F00"}}},{"title":"id_impuesto","id":"9060e45d-5666-430a-8113-ee8a6ddc115a","style":{"id":"610860c7-7bee-490f-8b44-9d41d2bbf642","properties":{"border-line-width":"2pt","border-line-color":"#FF6F00"}}},{"id":"a01ed6e7-2cef-40e7-8bf7-76debac05dca","title":"Fecha / timestamp"},{"title":"monto","id":"20509fa1-ab2f-4638-8799-058ffbe88663"}]},"class":"importantTopic","branch":"folded"},{"title":"tipo_movimientoi","id":"fcfc24a9-ef22-4b95-8b5f-fea7d4b96294","children":{"attached":[{"title":"id_tipo_mov","id":"e2de143c-cc10-41e1-86d1-0a59480d3a42","style":{"id":"55700a2b-101a-4ced-938e-0d10cf15a8d5","properties":{"svg:fill":"#000000","border-line-width":"2pt","border-line-color":"#E32C2D"}}},{"title":"dsc_tipo_mov","id":"1bf9b7d6-6478-4be0-97df-4b48757dda14","children":{"attached":[{"title":"abono +","id":"c34b83e7-0320-472b-af97-826dedc641c4","style":{"id":"1e0665e4-5a15-49b6-99db-bf3b2d49474c","properties":{"fo:font-style":"italic"}}},{"title":"retiro - ","id":"d6789af8-eceb-4952-bd84-e94f8fc8faee","style":{"id":"a64240ba-a30b-443e-9d02-9cbe25e1e435","properties":{"fo:font-style":"italic"}}},{"title":"descuento - ","id":"2a7c31a9-7296-491f-b419-0d5922126e55","style":{"id":"a67ced79-8a1e-4b1b-9559-048263ec1817","properties":{"fo:font-style":"italic"}}},{"title":"traspaso_entra +","id":"24535f9c-c08d-4419-b97f-348b9e7de58f","style":{"id":"b079ce71-f117-4d4f-bf6e-153200904ed0","properties":{"fo:font-style":"italic"}}},{"title":"traspaso_sale -","id":"671facaa-49fe-4830-bd24-c5d007d7e225","style":{"id":"15afb54f-c234-49e2-a924-06bb176a5d9a","properties":{"fo:font-style":"italic"}}},{"title":"impuesto -","id":"ba4b7082-3786-469e-a076-7c3dbe901540"},{"title":"pago - ","id":"5baf5a16-e325-4f64-9f2f-f16b97001aa9"},{"title":"reembolso +","id":"5f8d4d64-7284-489d-9d6f-32e862513128"}]},"boundaries":[{"id":"c4ee60a6-9be4-4dc6-beaa-02eda5b95834","title":"","range":"(0,7)","titleUnedited":true,"style":{"id":"c8b5c238-e6ad-4ab4-a817-f52be5a8a8d8","properties":{"line-color":"#2CD551","svg:fill":"#FFF"}}}],"branch":"folded"}]},"class":"importantTopic","branch":"folded"},{"title":"dsc_movimiento","id":"cda8a144-c731-48e9-8a87-a070a085d0f1","children":{"attached":[{"title":"id_dsc_mov","id":"c440f581-d289-42f4-9b9f-9b0efc181eab","style":{"id":"4c6585e0-0142-4c56-9162-3bda6a052b4d","properties":{"border-line-width":"2pt","svg:fill":"#000000","border-line-color":"#E32C2D"}}},{"title":"dsc_mov_cta","id":"30c435df-3d83-435b-b8e6-ab861328d615","children":{"attached":[{"title":"de producto","id":"78ceb7be-818a-4f8a-817c-f913a4bb30fa","style":{"id":"f6c90ba9-e9b6-4bf6-98d8-a71d6ed65b4f","properties":{"border-line-width":"0pt","fo:font-style":"italic"}}},{"title":"de servicio - estacionamiento","id":"d7928dfa-7f0a-4f5e-ac8d-3f246c13b3d3","style":{"id":"ddd9573e-20cd-4b06-8ad7-82c837c38fd7","properties":{"border-line-width":"0pt","fo:font-style":"italic"}}},{"title":"de servicio - gas","id":"c3ce5b11-73be-4dd2-b49a-5ed162f2c407","style":{"id":"6e69bdd4-082c-4680-9213-dd1894043ffd","properties":{"border-line-width":"0pt","fo:font-style":"italic"}}},{"title":"a la cuenta: ","id":"9c388e37-45e7-401b-a469-acb95a53ca0c"},{"title":"de la cuenta:","id":"9de787f1-2b6f-4361-91d2-5bf8169fffe1"}]},"boundaries":[{"id":"15ea1fe6-ba84-41b2-a9ab-d86fe4095a6e","title":"","range":"(0,4)","titleUnedited":true,"style":{"id":"8048a15e-c9a8-4abc-abcc-a04b146e2eea","properties":{"line-color":"#15831C","svg:fill":"#FFF"}}}],"branch":"folded"}]},"class":"importantTopic","branch":"folded"},{"title":"moneda_referencial","id":"5ee5812d-9eda-4dfc-9981-0b09321500cb","children":{"attached":[{"title":"id_modena_ref","id":"b72a29f9-191d-4bd6-99dd-87ae88640def","style":{"id":"7af2c0dd-79db-4f67-bdc4-cbf40f3b5f90","properties":{"border-line-width":"2pt","border-line-color":"#E32C2D","svg:fill":"#000000"}}},{"title":"id_comercio","id":"e6ac71bc-d1a2-48a6-9911-6568b5b93972","style":{"id":"8b710195-3a49-41f2-8c6d-4f35cd077eee","properties":{"border-line-width":"2pt","border-line-color":"#FF6F00"}}},{"title":"valor_moneda","id":"a9c21ef5-ec86-4c5f-95c2-b54e582e6bca"},{"title":"denominacion","id":"acab2630-e09f-4226-833a-655ceba985d8"},{"title":"fecha","id":"d6b978da-4dd1-4c25-bb04-8be8af3b0b89"}]},"class":"importantTopic","branch":"folded"},{"title":"tarifas","id":"f7c42770-adec-4daf-bf3a-dc125aea763f","children":{"attached":[{"title":"id_tarifa","id":"7e825b17-5aa4-4830-8c97-9fedcb574263","style":{"id":"7c7840c6-a612-4fea-a7da-a7c6a9d92b93","properties":{"border-line-width":"2pt","border-line-color":"#E32C2D","svg:fill":"#000000"}}},{"title":"id_renglon","id":"f3e6025c-3fd6-439e-a9e6-ab33f85ad9fa","style":{"id":"5892aae0-4f41-40cd-b849-f97eb1bee817","properties":{"border-line-width":"2pt","border-line-color":"#FF6F00"}}},{"title":"id_moneda_ref","id":"09981bb5-ccef-4c5f-b43e-1216bd40a6a3","style":{"id":"f1dce2b1-ea70-446f-add3-229794d849ac","properties":{"border-line-width":"2pt","border-line-color":"#FF6F00"}}},{"title":"monto","id":"7d00b2b5-3800-40f7-a066-df2aaffa9485"},{"title":"fecha_ini","id":"3271cce3-40be-4059-af32-b965f27eeac4"},{"title":"fecha_fin","id":"f2ff1121-86f1-4b99-90bb-c4772f24de6e"}]},"class":"importantTopic","branch":"folded"},{"title":"cargos_impositivos","id":"525ca211-c4d5-4151-b93a-d24e44340bbf","children":{"attached":[{"title":"id_impuesto","id":"f9f0daee-5d95-485d-b0e9-7ba23dbd01eb","style":{"id":"ddd13c57-6212-4ed6-b429-b1ae6fcaa154","properties":{"border-line-width":"2pt","svg:fill":"#000000","border-line-color":"#E32C2D"}}},{"title":"id_comercio","id":"99fe179d-2beb-47d2-87a5-63c29baa8576","style":{"id":"4bc266a0-4688-4271-b1ee-de9ce983a539","properties":{"border-line-width":"2pt","border-line-color":"#FF6F00"}}},{"title":"dsc_impuesto","id":"123e5173-3196-420f-820f-f5860903d556"},{"title":"porcentaje","id":"6480c149-7435-4453-a9d8-1ab73b447622"},{"title":"fecha_aplicacion","id":"8f15cf6d-b21b-461f-86ae-cfe5f92ff145"}]},"class":"importantTopic","branch":"folded"},{"title":"renglones","id":"35f21826-5997-4fe3-ab7c-afcae9129240","children":{"attached":[{"title":"id_renglon","id":"6d025534-ae21-49ee-a8cb-54c09ace600e","style":{"id":"6039ce90-55b7-4bd1-a4f1-0fb5d13ab569","properties":{"svg:fill":"#000000","border-line-width":"2pt","border-line-color":"#E32C2D"}}},{"title":"id_comercio","id":"92249d1a-e302-44e6-b775-91035aedd075","style":{"id":"3f689a5b-b726-499d-b47e-391a1220a7a2","properties":{"border-line-width":"2pt","border-line-color":"#FF6F00"}}},{"title":"dsc_renglon","id":"d2d12af2-4ccf-4a1d-9d56-cb097c0c8dfa","children":{"attached":[{"title":"id_comercio : 1","id":"5468109b-5f1a-48cf-812b-fc8e6b7ad798","children":{"attached":[{"title":"tarifa unica","id":"b2b13485-2b09-4c30-8d3c-6a3fc8242e2f"},{"title":"tarifa por hora","id":"891cc377-97df-4205-98f9-13dc56325006"},{"title":"tarifa cada 30 min","id":"1fe11c75-6bc1-4620-8c08-7ab430b82599"}]},"branch":"folded"},{"title":"id_comercio: 2","id":"4d79b4e2-a10c-40c9-89ff-88c7feb19087","children":{"attached":[{"title":"tarifa por estacion: 1 estacion ","id":"7ef91576-dd6c-4c2b-8b62-02c56c691a81"},{"title":"tarifa por estacio: 2 estaciones","id":"df1a03f0-0404-4f91-8108-2c536fca5913"}]},"branch":"folded"},{"title":"id_comercio: 3","id":"1dbce04c-b62f-476d-a6c7-ee3579f38be5","children":{"attached":[{"title":"tarifa unica","id":"5c8aa74f-6975-488f-a2c6-cdb718e77cb6"}]},"branch":"folded"}]},"boundaries":[{"id":"e3e17e92-1d57-4f81-9a1b-53cba430733a","title":"","range":"(0,2)","titleUnedited":true}],"branch":"folded"}]},"class":"importantTopic","branch":"folded"}]},"branch":"folded"},{"title":"usuarios","id":"012fa3d0-3ca3-4cff-bee3-3936bfc84314","children":{"attached":[{"id":"db507ae6-47da-49d3-8799-86f5771ebd9e","title":"usuarios","children":{"attached":[{"title":"Id_usuario","id":"4e7f24d3-c79a-4736-9055-b13505bc3748","style":{"id":"e01be0c9-c6dd-4668-80a1-2c21adb000c2","properties":{"svg:fill":"#000000","border-line-width":"2pt","border-line-color":"#E32C2D"}}},{"title":"Cedula de identidad o RIF","id":"9d0bf9a3-cf60-47ce-a164-c97078c0482b","style":{"id":"6e078fe7-3b91-428e-92cb-ae65dc25d603","properties":{"svg:fill":"#000000","border-line-width":"2pt","border-line-color":"#E32C2D"}}},{"title":"email","id":"daeb9c28-7430-4e1b-a330-d26b38bcb058","style":{"id":"ff2013bf-8d0e-43e5-b81b-a5ff54583809","properties":{"border-line-width":"2pt","border-line-color":"#E32C2D","svg:fill":"#000000"}}},{"title":"Nombre","id":"b9c93c1a-c224-4ea1-abe7-87c7b5147785"},{"title":"apellido","id":"9d661dba-c338-4be2-b426-704ecb0f02b3"},{"title":"telefono","id":"ef45da81-5f46-46f2-903b-04af9b005fdf"},{"title":"id_tipo_usuario","id":"2897be62-aa83-4e90-83c4-d71dd14cad92","style":{"id":"9dd7eca8-5df9-4779-a071-b0cbf138db51","properties":{"border-line-width":"2pt","border-line-color":"#FF6F00"}}}]},"class":"importantTopic","branch":"folded"},{"id":"29259435-ad4a-4759-b715-deb654938c64","title":"tipo_usuario","children":{"attached":[{"title":"id_tipo_usuario","id":"6adba9ac-53f9-41fb-9610-239aea6cc424","style":{"id":"14f6db37-591d-4a89-94d4-0d157e5e01d6","properties":{"border-line-width":"2pt","border-line-color":"#E32C2D","svg:fill":"#000000"}}},{"id":"ae25e4d0-4e27-4cdc-a46f-d08297eca349","title":"dsc_usuario","boundaries":[],"children":{"attached":[{"title":"Final / cliente","id":"a9ad56ee-f131-463d-be44-817ca89d81cd"},{"title":"corporativo","id":"a8a7c354-7b93-4fbd-a69a-b0cefa22a1a2","children":{"attached":[{"title":"administrador_grupo","id":"31e86a2c-7628-45dd-acfc-ccc2116f2d43"},{"title":"operador de grupo","id":"e7f55043-8ba8-439f-9bc9-d1b7da965b89"},{"title":"final / cliente","id":"706ca51e-3d19-47cd-8b35-150717c01174"},{"title":"empleado","id":"6127526d-fd1d-438b-9d4e-834fe7217cba"}]},"boundaries":[{"id":"b2513188-ef8f-4ff4-a2f5-dfb8cd03bcf5","title":"","range":"(0,3)","titleUnedited":true,"style":{"id":"5c40883c-d3b6-46a7-8133-210c9eb68f08","properties":{"line-color":"#2CD551"}}}],"branch":"folded"},{"title":"administrador_sistema","id":"a315c5fe-12ae-406d-95d9-7a6f52e1f3f2","children":{"attached":[{"title":"super_usuario","id":"4a080a8a-9152-4470-ac4e-7538416941ec"},{"title":"operador","id":"9e522ece-264f-4a70-a8ed-d96d39caa47f","customWidth":219},{"title":"administrador","id":"0defbacb-9da5-4430-9d8d-3589112e2f0c"}]},"boundaries":[{"id":"d396e4bf-801a-4b54-b6d9-f0d77e54203c","title":"","range":"(0,2)","titleUnedited":true}],"branch":"folded"}]},"branch":"folded"}]},"class":"importantTopic","branch":"folded"}]},"branch":"folded"},{"title":"negocio","id":"e9d9b0f6-e021-4390-9f6e-152e6cd02eae","children":{"attached":[{"title":"todo lo referente al menejo operativo del sistema sobre el comercio y operaciones en el comercio","id":"7fa02105-a798-45cf-a625-b33586ac16b3"},{"id":"ad393687-d49c-4f58-89ce-ca97f9e520d9","title":"tipo_servicio","children":{"attached":[{"title":"id_servicio","id":"8271883c-d98d-48d8-a80f-f133be005fbd","style":{"id":"5bc07792-2e31-4891-9f26-b880770f6d3f","properties":{"border-line-width":"2pt","border-line-color":"#E32C2D","svg:fill":"#000000"}}},{"title":"desc_servicio","id":"6146c12c-31f2-461f-b31f-2201d7bbf52e","children":{"attached":[{"id":"7397de84-93db-4328-84ea-fdd5f712aedf","title":"transporte","style":{"id":"763dfbaf-a825-4fae-806f-17f0b8a50759","properties":{"svg:fill":"#E32C2D","fo:font-style":"italic"}}},{"id":"dd0224e1-1223-4326-9707-2f81a4b1a1d7","title":"telecomunicaciones","style":{"id":"19891096-80bc-4e21-8f31-a870c2f16946","properties":{"svg:fill":"#EA8ABA","fo:color":"#000000","fo:font-style":"italic"}}},{"id":"548f8aab-d0c8-45b1-80c0-eb8bb61955f0","title":"basicos","style":{"id":"73ba29c8-4d7f-4939-afdf-b37462e97038","properties":{"svg:fill":"#9C27B0","fo:font-style":"italic"}}},{"id":"1fd2d6fd-a9ac-4971-9ef9-ab71960baaee","title":"honorarios","style":{"id":"860da2ef-075b-4f6a-9fa2-aace6bdd7d70","properties":{"svg:fill":"#15831C","fo:font-style":"italic"}}}]},"boundaries":[{"id":"132a4cf3-2b77-45ee-b902-c178d8e2e7c7","title":"","range":"(0,3)","titleUnedited":true}],"branch":"folded"}]},"class":"importantTopic","branch":"folded"},{"id":"1f32e8cf-5ca1-47cc-b682-da4f85d2d2ba","title":"Comercio","children":{"attached":[{"title":"Id_comercio","id":"415461d7-e535-4629-b4e3-7d0ad7c245d3","style":{"id":"738aaa0a-0e93-4a69-88b9-d2f4451e20a3","properties":{"svg:fill":"#000000","border-line-width":"2pt","border-line-color":"#E32C2D"}}},{"title":"Rif","id":"bb6fa6df-74a9-49e6-ae8d-ead32f9722b3","style":{"id":"e70b2934-ae5b-4b40-9208-072c3ec66b05","properties":{"svg:fill":"#000000","border-line-width":"2pt","border-line-color":"#E32C2D"}}},{"title":"Correo electronico","id":"9b4f26bc-3f16-4814-8b50-0373bb9c595e","style":{"id":"a6e41c31-fd71-47ef-b47f-bad8ac452087","properties":{"border-line-width":"2pt","border-line-color":"#E32C2D","svg:fill":"#000000"}}},{"title":"direccion_geografica","id":"9e6248ba-5e21-4faa-991c-43fdf34bce1e"},{"title":"direccion_politica","id":"84755241-5ce9-4dea-8968-4721c74a69a8"},{"title":"id_Servicio","id":"195f9f13-8758-43c8-b3cc-d16b926607eb","style":{"id":"1e4054a7-c79a-4833-b085-3885c18cbc65","properties":{"border-line-width":"2pt","border-line-color":"#FF6F00","svg:fill":"#000000"}}},{"title":"id_grupo_corp","id":"02237679-0ce3-4518-85ae-a51c9c586f00","style":{"id":"6b99d9df-40bd-40a6-8e4d-7e52917d9a50","properties":{"border-line-width":"2pt","border-line-color":"#FF6F00","svg:fill":"#000000"}}},{"title":"Nombre","id":"483d16df-526c-4f8a-8a90-fb7e6c3ec2fb"},{"title":"telefono","id":"591ca48e-ee21-498a-9664-3c8c01030b06"},{"title":"svg_comercio","id":"294c09e7-5dc7-4c5d-85ae-9025d31f7ec7"},{"title":"id_tipo_comercio","id":"7fb483fa-4086-45ae-b4f0-b6de4393992e","style":{"id":"60aa124c-af49-43d0-b94f-58740338e45d","properties":{"border-line-width":"2pt","border-line-color":"#FF6F00","svg:fill":"#000000"}},"boundaries":[]}]},"class":"importantTopic","branch":"folded"},{"id":"f38eabe7-4cee-496d-95b5-32be3d284e54","title":"tipo_comercio","boundaries":[],"summaries":[],"children":{"attached":[{"title":"id_tipocomercio","id":"f2c7f623-e39a-4e45-8c76-1607b1a10443","style":{"id":"cfa7dc36-49f1-4b2c-9b70-185cbd5f5d83","properties":{"border-line-width":"2pt","border-line-color":"#E32C2D","svg:fill":"#000000"}}},{"title":"id_servicio","id":"28d38d23-1bf5-4401-9497-c0d54c76c163","style":{"id":"376fd8f3-18a7-4bf6-8822-b7c6390858e2","properties":{"border-line-width":"2pt","border-line-color":"#FF6F00"}}},{"title":"dsc_tipocomercio","id":"887b2ffc-1daa-446c-810a-28318f5582cf","children":{"attached":[{"title":"profesionales","id":"5c422beb-e40e-41a9-9da0-618b13b794c4","style":{"id":"cef5e9f9-378d-4e71-bd3c-2a0c1e623801","properties":{"fo:font-style":"italic"}}},{"title":"especializados","id":"ba1b650d-2bd2-4444-a9c0-6499b9c2c56a","style":{"id":"d3fb11e3-2323-4673-9207-da48d615a408","properties":{"fo:font-style":"italic"}}},{"title":"agua","id":"601a3ced-7a17-4e5a-bf54-2aec34cc20b0","style":{"id":"7fe555f9-ccdf-4e62-9d22-f386a0e6b392","properties":{"fo:font-style":"italic"}}},{"title":"electricidad","id":"ee690c64-4b29-4f04-bbec-c802cf7462c5","style":{"id":"6c9b3c5c-dffc-49fb-b9d4-edc3ee60da51","properties":{"fo:font-style":"italic"}}},{"title":"gas","id":"bd674b91-9688-4d5a-8e39-8d02009dfa14","style":{"id":"004748e9-44a7-4699-9fb4-3983a5c20294","properties":{"fo:font-style":"italic"}}},{"title":"aseo","id":"647b9587-94c4-4669-b143-9f5e8c160ba7","style":{"id":"9a448fd6-ffda-49b5-a8fb-b2e2ca077593","properties":{"fo:font-style":"italic"}}},{"title":"telefonia","id":"36bf6bf8-1d9c-4007-a25d-ba8d7177365b","style":{"id":"976b31e3-3518-4135-bf81-593fa2c3a84d","properties":{"fo:font-style":"italic"}}},{"title":"internet","id":"457d44e9-2c67-4682-af95-8bc87435d175","style":{"id":"e838fbe5-6784-4920-9aaa-32229b0289a9","properties":{"fo:font-style":"italic"}}},{"title":"tv por cable","id":"9401b9a2-2f2c-4b25-941b-ed983ea51014"},{"id":"a8c932bb-3443-4d6b-aa8b-343e4496dbcc","title":"transporte urbano","style":{"id":"b65e8f3d-9399-400c-a2ac-afff16a61b2d","properties":{"fo:font-style":"italic"}}},{"id":"500a2c15-5e37-48f9-9cf5-26a204891132","title":"transporte intraurbano","style":{"id":"f8c7e284-c62b-4f01-b4f3-ed1f781ce6fa","properties":{"fo:font-style":"italic"}}},{"id":"d52b44ed-d2da-4e27-bd59-9c67ab22dfb8","title":"deliverys","style":{"id":"d1a609f9-ecf9-442b-93e2-292f8d7eb20a","properties":{"fo:font-style":"italic"}}},{"id":"a9ba841c-7a69-4a4e-aa56-83f0a84988ed","title":"taxi","style":{"id":"a5accbe5-01a9-4fc8-9c04-ab9420ba2103","properties":{"fo:font-style":"italic"}}},{"id":"4f57af2c-8859-4881-a686-7a2bfebef70d","title":"carga","style":{"id":"aad151a9-96e1-4efd-8187-7fe69935c369","properties":{"fo:font-style":"italic"}}},{"id":"652ffa46-e6a9-4d87-8e3a-2dfc6ead3151","title":"peaje","style":{"id":"b3605034-8812-43e1-bc11-d4ccc3b348f8","properties":{"fo:font-style":"italic"}}},{"id":"86a07c40-eb50-4bfc-8fdd-ce6b9b02cd1f","title":"metro","style":{"id":"58bc54d7-665a-4ed9-a3ff-3f715819c671","properties":{"fo:font-style":"italic","svg:fill":"#2CD551","fo:color":"#000000"}}},{"id":"1388ec15-83df-45e5-9c78-8fce0208fd01","title":"estacionamiento","style":{"id":"0ddc26d1-f0c4-4133-8685-a967b152d3bb","properties":{"fo:font-style":"italic","svg:fill":"#2CD551","fo:color":"#000000"}}},{"id":"8168cf16-4a08-41da-a79e-182ef2c4ffde","title":"corporativos","style":{"id":"38120eff-fc42-43a9-843c-28add6a4fc72","properties":{"fo:font-style":"italic"}}},{"id":"fd6922c4-9018-4319-84b0-45b24265accd","title":"estacion_servicio","style":{"id":"12b15512-c147-4c70-a244-e1a889a0d24f","properties":{"fo:font-style":"italic"}}},{"id":"690615f1-fb6d-4ade-9dc6-827b8354dad7","title":"viveres","style":{"id":"e552a0b4-6eae-42c6-925b-480b24fb7605","properties":{"fo:font-style":"italic"}}},{"id":"9ed828e4-9b84-449d-bed8-632f02f52814","title":"licores","style":{"id":"e2e88bb3-8307-4819-bb5f-777527db9c9c","properties":{"fo:font-style":"italic"}}},{"id":"f140b8c3-d087-4c5c-bbcb-896ec3b93b5e","title":"partes y piezas","style":{"id":"1d9c5768-de5e-4747-a79d-e334b7ede68c","properties":{"fo:font-style":"italic"}}},{"id":"8c6b5cfe-c62a-421f-bae9-ee4385f318fe","title":"productos terminados","style":{"id":"b1bdd1af-ff7b-4b3a-8e7c-d431036b17e5","properties":{"fo:font-style":"italic"}}}],"summary":[{"title":"Productos","id":"035633ba-4949-4c2e-a4e7-b4851c94c98f","style":{"id":"be672856-5742-4b43-9e98-62a45f481494","properties":{"svg:fill":"#FF6F00","fo:font-style":"italic"}},"boundaries":[]},{"title":"Servicios","id":"437112c0-f079-4de2-a54d-6bc4d10d0b3d","children":{"attached":[{"title":"Especiales / Honorarios","id":"bf49124c-0481-4feb-a871-1d8df2d2cf05","style":{"id":"2b9e119b-60bd-4392-b23a-b310654268e9","properties":{"fo:font-style":"italic","shape-class":"org.xmind.topicShape.roundedRect","svg:fill":"#15831C"}}},{"title":"Basicos","id":"220a6bb1-8ca5-4260-8dc4-a62ffb245a43","style":{"id":"577dc2dc-872a-4c8a-8a2a-51429828feca","properties":{"fo:font-style":"italic","svg:fill":"#9C27B0"}}},{"title":"Telecomunicaciones","id":"773e9b17-06be-47a1-8297-b56c9c7769fb","style":{"id":"ae2ed8f1-0816-47bf-a024-4d34a5061238","properties":{"fo:font-style":"italic","svg:fill":"#EA8ABA","fo:color":"#000000"}}},{"title":"Transporte","id":"12c70a87-02a8-4359-9806-a4804af4db09","style":{"id":"f4ad5fb0-c93b-4a27-9b4e-23c561af3490","properties":{"fo:font-style":"italic","svg:fill":"#E32C2D"}}}]},"branch":"folded"}]},"summaries":[{"id":"b77ba15f-7537-4c92-af66-059e85750a04","range":"(19,22)","topicId":"035633ba-4949-4c2e-a4e7-b4851c94c98f","style":{"id":"d7daf684-a449-4f7d-aca8-a3427a75cece","properties":{"line-color":"#FF6F00"}}},{"id":"2edec9a2-3793-4b0c-81f9-5b5af9be0fdf","range":"(0,18)","topicId":"437112c0-f079-4de2-a54d-6bc4d10d0b3d"}],"boundaries":[{"id":"59298fb1-5b93-4ae7-af17-8848c3aa03dc","title":"","range":"(0,1)","titleUnedited":true,"style":{"id":"a8543c9b-201f-4ca8-9a49-22984b7e2d1c","properties":{"line-color":"#15831C"}}},{"id":"cb946c32-e76c-41a1-aec1-ad37428189f7","title":"","range":"(2,5)","titleUnedited":true,"style":{"id":"2e5baf05-de86-4d9e-9719-233a09f23f66","properties":{"line-color":"#9C27B0"}}},{"id":"4793f163-b7aa-45d5-be74-9d995113ba48","title":"","range":"(6,8)","titleUnedited":true,"style":{"id":"63556595-55a5-4e29-adac-2f326900033c","properties":{"line-color":"#EA8ABA"}}},{"id":"ff73cc49-552b-4c14-8db3-c8c79a044af9","title":"","range":"(9,18)","titleUnedited":true,"style":{"id":"8a0489d3-2a98-42d8-91b1-f6dd57d36418","properties":{"line-color":"#E32C2D"}}},{"id":"47758cca-9d06-459d-accc-8ba9709af4e5","title":"","range":"(19,22)","titleUnedited":true,"style":{"id":"47589558-74b8-4d4c-b2ea-73e08af1bc51","properties":{"line-color":"#FF6F00"}}}],"branch":"folded"}]},"class":"importantTopic","branch":"folded"},{"id":"aaabe511-884b-44dc-bee5-dda35b7dc95a","title":"pues_incomercial","children":{"attached":[{"title":"id_puesincomercial","id":"2c9c8261-ab58-45b2-8ecd-bed0a65e8ed9","style":{"id":"b303f84a-fce3-4bc0-97cc-999c92be34b7","properties":{"border-line-width":"2pt","border-line-color":"#E32C2D","svg:fill":"#000000"}}},{"title":"id_comercio","id":"41afab6b-dc17-44aa-b06b-44270127c81d","style":{"id":"7f5f0d30-afe9-432c-b1fe-a5df9760102b","properties":{"border-line-width":"2pt","border-line-color":"#FF6F00"}}},{"title":"id_clasificaciones","id":"24836939-c276-45da-8a54-25ba92da1c8d","style":{"id":"2d19fdda-b3d8-4a92-bfc2-7ec8642716e2","properties":{"border-line-width":"2pt","border-line-color":"#FF6F00"}}},{"title":"dsc_puescomercial","id":"6c23a090-29ab-4a05-bf9f-4cfe23d0e8b3"},{"title":"svg_puescomercial","id":"b0e7ec5d-c495-4860-9d63-5dedaafd80ef"},{"title":"edo_puesincomercial","id":"a74003f6-bdc9-403c-a846-b22fcda7ff15","children":{"attached":[{"title":"verdad - ocupado","id":"445cb4d6-4109-47ba-b043-9db06b1f3e5c","style":{"id":"2e33c32c-6f1f-4d58-8e5f-f16d8dafaca0","properties":{"fo:font-style":"italic"}}},{"title":"false - desocupado","id":"65f492f0-1b8a-4e6c-8710-88df562f3615","style":{"id":"0e4853d4-5c79-4f6a-acd7-cbf462fd6f7a","properties":{"fo:font-style":"italic"}}}]},"boundaries":[{"id":"4edbdd08-b256-4625-8a8c-f5cab783afaf","title":"","range":"(0,1)","titleUnedited":true}],"branch":"folded"}]},"class":"importantTopic","branch":"folded"},{"id":"77726e79-7233-4d63-80b3-55970d51102c","title":"tipo_movincomercial","children":{"attached":[{"title":"id_tipomovincomercial","id":"3ee20697-6381-40c2-b2b3-fdf6e990fea7","style":{"id":"46e3682b-e92d-45aa-aa15-ecfce71c3da9","properties":{"border-line-width":"2pt","border-line-color":"#E32C2D"}}},{"title":"dsc_tipomovincomercial","id":"1444d55e-c4ad-48fe-8b92-390f249ec80b","children":{"attached":[{"id":"5e064d25-b1c7-47b3-ada0-08ee2e75b084","title":"sale","style":{"id":"6fcf2970-c2c0-405d-973c-11e423927e42","properties":{"fo:font-style":"italic"}}},{"id":"0cf6c69a-d78c-4399-9061-1c1de0dd9346","title":"entra","style":{"id":"9eb26264-1642-460b-aff7-467828951776","properties":{"fo:font-style":"italic"}}},{"id":"60d79007-d827-431c-a351-71591640c42f","title":"en_transito","style":{"id":"f3cb664a-24d0-4ba0-8783-7a0e590d6d20","properties":{"fo:font-style":"italic"}}},{"id":"05b42b25-e240-4918-93b4-4648afe4baae","title":"en puesto","style":{"id":"88513d6f-958e-462d-910e-ba281a4c1fdf","properties":{"fo:font-style":"italic"}}}]},"boundaries":[{"id":"2619157e-c00c-4cd8-baf8-86be5d8bfe78","title":"","range":"(0,3)","titleUnedited":true}],"branch":"folded"}]},"class":"importantTopic","branch":"folded"},{"title":"ticket","id":"0c945bb3-b0f8-43ce-b6e9-154c70842d76","children":{"attached":[{"title":"id_ticket","id":"e85267a8-e540-4ca6-a1f8-5703ca5baeee","style":{"id":"8dcdded8-d399-4563-b41c-59b9f7722c99","properties":{"border-line-width":"2pt","border-line-color":"#E32C2D","svg:fill":"#000000"}}},{"title":"id_comercio","id":"9070c116-95ab-41d6-9875-1b72e6dc19b4","style":{"id":"0c27b340-346f-43d3-9615-07f7a81f07cf","properties":{"border-line-width":"2pt","border-line-color":"#FF6F00"}}},{"title":"timestamp","id":"c6d01c3c-bef8-4fe7-9f51-45a6d38ab5b4"},{"title":"id_vehiculo","id":"58ad54bd-2d50-4616-96da-b2b7124d07c5","style":{"id":"21ee63a5-114b-45e8-9b4d-381656ac515e","properties":{"border-line-width":"2pt","border-line-color":"#FF6F00"}}},{"title":"informacion_adicional","id":"c6d2c6c4-04ae-434e-b40b-99ec87476b6f","children":{"attached":[{"title":"monto","id":"50ea349f-4c24-4b31-b4ed-bb9ed6842782","style":{"id":"bbb58838-d62b-4e0f-a701-a5c7f69981d1","properties":{"fo:font-style":"italic"}}},{"title":"imagen","id":"23162da4-b50d-40c6-9e9a-0a6e26c2eea6","style":{"id":"31afe86a-ad6d-4354-8e4c-cf9187020dc6","properties":{"fo:font-style":"italic"}}},{"title":"exoneracion","id":"37a3077e-e6b7-47ec-a68d-b6517229546e","style":{"id":"0934cfa0-9ed3-48e7-9706-ef8531b1e396","properties":{"fo:font-style":"italic"}}},{"title":"evento","id":"700a647c-30b4-4fac-9905-201c681035f1","style":{"id":"c9cfaa1e-9e1f-4017-b5fc-0ff46df20f93","properties":{"fo:font-style":"italic"}}},{"title":"promocion","id":"3da8ce7a-e37c-424b-bc45-9d31d21a9964","style":{"id":"79ef3b65-bc4d-4f0e-a5f3-2a263f855cbc","properties":{"fo:font-style":"italic"}}},{"title":"preferencial","id":"9e04d546-d662-49d9-86b8-83266898f5f7","style":{"id":"670da249-66cd-475c-a688-5957257973eb","properties":{"fo:font-style":"italic"}}}]},"style":{"id":"ac3b29ea-02b2-4728-ac48-010108b76e7f","properties":{"fo:font-style":"italic"}},"branch":"folded"}]},"class":"importantTopic","boundaries":[{"id":"c314875c-c1e6-4623-b8e1-af3d044a0e0f","title":"","range":"(4,4)","titleUnedited":true,"style":{"id":"5211a3a6-3497-437e-af5c-04760c28ae62","properties":{"line-color":"#15831C","svg:fill":"#FFF"}}}],"branch":"folded"},{"id":"41bde309-23a4-4062-86ac-0e05a7a46894","title":"mov_incomercial","children":{"attached":[{"title":"id_movincomercial","id":"cf8ffd9e-29e4-40bb-b86a-84997e815439","style":{"id":"25c7e255-fdf2-4dc4-adbb-b16293c028ff","properties":{"border-line-width":"2pt","border-line-color":"#E32C2D","svg:fill":"#000000"}}},{"title":"id_ticket","id":"a665f9d3-27be-451e-b595-3ac3eb138680","style":{"id":"cfbebf2a-815d-4300-a854-037a020eeec5","properties":{"border-line-width":"2pt","border-line-color":"#FF6F00"}}},{"title":"id_tipomovincomercial","id":"5ff4d519-ce1b-4a4c-a001-94a1d2a68766","style":{"id":"702ac06a-06e1-4612-9b91-81acde767b3a","properties":{"border-line-width":"2pt","border-line-color":"#FF6F00"}}},{"title":"timestamp","id":"c186e66f-870d-4c1c-9048-10c53b1b606e"},{"title":"id_puesincomercial","id":"2185d885-e382-42fc-b1c8-0186972e454e","style":{"id":"4ffbf290-5b7b-4cb0-9999-2b82a08798c7","properties":{"border-line-width":"2pt","border-line-color":"#FF6F00"}}},{"title":"id_entrada","id":"653549db-d2b5-4f4b-b51e-44bc4fd5c1ff","style":{"id":"17573f95-9697-40d7-b8fa-cf55abea5d80","properties":{"border-line-width":"2pt","border-line-color":"#FF6F00"}}},{"title":"id_salida","id":"c5b23162-2aba-4718-bce8-7b8d45c06bae","style":{"id":"a361c743-96ad-49dd-a18f-e1ecfe3ff099","properties":{"border-line-width":"2pt","border-line-color":"#FF6F00"}}}]},"class":"importantTopic","branch":"folded"},{"id":"0b6cbfa6-1dfe-4605-ab5a-1da51870db9d","title":"vehiculo","children":{"attached":[{"title":"id_vehiculo","id":"aaf6f943-8c7e-480b-b6b3-f9144093e6ce","style":{"id":"8cef3121-5c75-41d3-b7f5-5464bfa866e4","properties":{"border-line-width":"2pt","border-line-color":"#E32C2D","svg:fill":"#000000"}}},{"title":"id_usuario","id":"70976d3e-53eb-4510-95ba-488dcfee2a0d","style":{"id":"c05adf60-e62d-41bf-bfc0-62f8f0da5616","properties":{"border-line-width":"2pt","border-line-color":"#FF6F00"}}},{"title":"placa","id":"606efbb2-e79d-49f4-aaa5-ee3980efab82"},{"title":"cod_rfid","id":"0a3a7e28-a95b-4a51-b0bb-18525e499370"},{"title":"cod_nfc","id":"bad022ee-64b6-4d83-a395-348343aec35d"}]},"class":"importantTopic","branch":"folded"},{"id":"fc2a257c-d197-4a74-9440-77a7c7edbddc","title":"grupo_corp","children":{"attached":[{"title":"id_grupo","id":"7a53ff7e-c9ce-4363-8389-b58dee61e1dd","style":{"id":"7fbe95c6-58de-4eff-b3e3-36dbb6636628","properties":{"svg:fill":"#000000","border-line-width":"2pt","border-line-color":"#E32C2D"}}},{"title":"RIF","id":"ed9b4f95-d92b-44b1-a043-a2b9558b624c","style":{"id":"c468ab3a-a777-4976-8e57-be6eb1e024c5","properties":{"svg:fill":"#000000","border-line-width":"2pt","border-line-color":"#E32C2D"}}},{"title":"correo_electronico","id":"83de4290-4df2-4fca-bfb5-ac1122614c4b","style":{"id":"7235f225-2aa4-4b50-b98f-948ba550363f","properties":{"svg:fill":"#000000","border-line-width":"2pt","border-line-color":"#E32C2D"}}},{"title":"telefono","id":"914ef71d-409d-404a-a822-3b75b4c2c617"},{"title":"nombre","id":"febcf072-3e82-4a49-aeb7-7a4f7fe160b5"}]},"class":"importantTopic","branch":"folded"},{"id":"ee889b1c-3a37-4bcd-951b-1ceb09dcf15d","title":"estado_es","children":{"attached":[{"title":"id_estadoes","id":"8bdd42b3-dafa-48cf-a577-33031c048736","style":{"id":"3fd664e4-4c07-4be7-b4b8-d51a469cd0dc","properties":{"border-line-width":"2pt","border-line-color":"#E32C2D","svg:fill":"#000000"}}},{"title":"dsc_estadoes","id":"af305f92-e519-4e72-b87f-86d2c4c1bea6","children":{"attached":[{"id":"43ec4e7e-8199-4ea9-a779-5699d95ba1f0","title":"disponible","style":{"id":"3a14e3e6-0fd6-4283-bd16-38a37b25e057","properties":{"fo:font-style":"italic"}}},{"id":"f8c305a1-faf2-486a-add3-59c41cebd74b","title":"activo","style":{"id":"aaa830e2-b995-4c7d-a3aa-3482006950d8","properties":{"fo:font-style":"italic"}}},{"id":"ad7d52b1-4fb1-4b2b-a9f2-942f40543d99","title":"no disponible","style":{"id":"325575f4-cafa-4cc8-84c1-ccb8fcf72f2a","properties":{"fo:font-style":"italic"}}},{"id":"eb51871e-8c43-4c53-8a99-3636a9648012","title":"desactivo","style":{"id":"ec10524d-10a7-4f70-99a1-d875d9b2fcab","properties":{"fo:font-style":"italic"}}}]},"boundaries":[{"id":"990dc5ae-2b79-451e-86b9-338f0b435016","title":"","range":"(0,3)","titleUnedited":true}],"branch":"folded"}]},"class":"importantTopic","branch":"folded"},{"id":"756bdbbe-9a68-4c45-8628-e240399711e0","title":"clasificacion_es","children":{"attached":[{"title":"id_clasificacion_es","id":"fb4b59dc-29d2-406c-9c40-9cab6c232045","style":{"id":"cfd04887-9135-4a64-9aac-2f4d4565dc4c","properties":{"border-line-width":"2pt","border-line-color":"#E32C2D","svg:fill":"#000000"}}},{"title":"dsc_clasidicacion_es","id":"45e07eeb-842e-42c8-a9f0-fd4984b279c7","children":{"attached":[{"title":"VIP","id":"261fbc01-4523-486e-a413-9df9095423c8","style":{"id":"da859c05-40cc-4f72-a8c1-e4fc5d536596","properties":{"fo:font-style":"italic"}}},{"title":"Exonerados","id":"ec572fa8-3cb3-4d67-b93c-c773811578de","style":{"id":"2084a170-98d4-4808-b75c-0d67354edd21","properties":{"fo:font-style":"italic"}}},{"title":"Preferenciales","id":"2ad762a8-2279-4d97-88b0-d92e42e619f7","style":{"id":"a15db36d-d52a-4df3-ad0c-975db6354589","properties":{"fo:font-style":"italic"}}},{"title":"Clientes","id":"9989dd64-b693-4b69-b335-832b09d785f5","style":{"id":"64fe33b9-153f-4d10-a6c2-d64e3077aeb5","properties":{"fo:font-style":"italic"}}},{"title":"Empleados","id":"2c126005-74e0-43d3-b193-b5aa9697ade6","style":{"id":"572416aa-248c-4c9c-b466-3e2bc2ce9393","properties":{"fo:font-style":"italic"}}}]},"boundaries":[{"id":"aef2ea02-ba4f-4959-bf4b-2867055d2f6a","title":"","range":"(0,4)","titleUnedited":true}],"branch":"folded"}]},"class":"importantTopic","branch":"folded"},{"id":"1ee9f6a7-6bf9-48f8-b85c-e726a9cae3bf","title":"Entradas","children":{"attached":[{"title":"id_comercio","id":"8dd2e18a-612d-4364-ad84-9d2469143678","style":{"id":"42bcf84a-0e6e-4b96-8ac8-38ae45e0c230","properties":{"border-line-width":"2pt","border-line-color":"#FF6F00","svg:fill":"#000000"}}},{"title":"id_entrada","id":"17d45144-90a2-4dd1-9e88-580ac34dda98","style":{"id":"1681ce2c-20ce-4144-ab55-7a515ecd5954","properties":{"border-line-width":"2pt","border-line-color":"#E32C2D","svg:fill":"#000000"}}},{"title":"ubicacion_entrada","id":"d6893bbf-6ef8-4960-9fde-3bb8ad874a96"},{"title":"svg_entrada","id":"0919003a-d82e-438c-b2ec-ca5867de8bbb"},{"title":"img_entrada","id":"f0dc3410-39a0-46a3-a450-b25a179a3cfe"},{"title":"id_estadoes","id":"8bcb08fa-0d08-4c9c-887b-73d25733d0d4","style":{"id":"8fbd65c6-579c-497e-a2a9-2d34126f3223","properties":{"border-line-width":"2pt","border-line-color":"#FF6F00"}}},{"title":"id_clasificacion_es","id":"378f1a16-3fb3-4209-b8d8-fb5af13cbee3","style":{"id":"d07efe8c-a3fd-4e47-8d9c-da457514daba","properties":{"border-line-width":"2pt","border-line-color":"#FF6F00"}}}]},"class":"importantTopic","branch":"folded"},{"id":"c3715df9-40d2-43be-8991-41da5c5b6181","title":"Salidas","children":{"attached":[{"title":"id_comercio","id":"c243d769-50e1-4dfd-9f5a-d8c1c8ae8971","style":{"id":"1c4a6916-d0d7-47dd-9ea9-adcc8c62aee9","properties":{"border-line-width":"2pt","border-line-color":"#FF6F00"}}},{"title":"id_salida","id":"055af420-8878-4978-8a4b-bdd05c8902a3","style":{"id":"b1ca58e8-163d-43ec-a171-41db0ee7f4dd","properties":{"border-line-width":"2pt","border-line-color":"#E32C2D","svg:fill":"#000000"}}},{"title":"ubicacion salida","id":"44adfa7c-901e-41c4-ada7-4e5856354aa3"},{"title":"svg_salida","id":"eaca7fc7-c3e2-4e18-8348-2bd67157c005"},{"title":"img_salida","id":"ae43ae57-a31d-46f0-93a5-13ed77680f40"},{"id":"08bd3950-4b92-43aa-9792-6019b7dcafff","title":"id_estadoes","style":{"id":"e1cd638f-9880-4ef1-b798-7c2280263529","properties":{"border-line-width":"2pt","border-line-color":"#FF6F00"}}},{"title":"id_clasificacion_es","id":"1d2e1d5b-038e-4265-8646-c2c50af894fd","style":{"id":"72bd71ab-61ca-4733-b1eb-06815d64b342","properties":{"border-line-width":"2pt","border-line-color":"#FF6F00"}}}]},"class":"importantTopic","branch":"folded"},{"id":"9d95dc87-5c8d-4ca4-83ab-d0010b69348b","title":"tipo_negocio","children":{"attached":[{"title":"productos","id":"3b4d524f-9776-4871-9268-8deb71ff86c5","style":{"id":"a752bd81-3d32-4a0f-9b28-b54946ea4338","properties":{"fo:font-style":"italic"}}},{"title":"servicios","id":"53ca2c21-84b1-458e-ac98-28094fcd7eff","style":{"id":"b4c2ef0d-d901-46f3-9ade-137d5d752d88","properties":{"fo:font-style":"italic"}}}]},"boundaries":[{"id":"f922ab6d-8b58-46ce-b898-0599c36ea5d2","title":"","range":"(0,1)","titleUnedited":true}],"branch":"folded"}]},"branch":"folded"}]},"branch":"folded"}]},"style":{"id":"76fe4411-bbe0-4201-8f42-0d9abb7ba57b","properties":{"line-class":"org.xmind.branchConnection.curve"}}},"theme":{"id":"6518e97a4149b5f966910on58d","importantTopic":{"type":"topic","properties":{"fo:font-weight":"bold","fo:color":"#111111","svg:fill":"#FDD834"}},"minorTopic":{"type":"topic","properties":{"fo:font-weight":"bold","fo:color":"#FFFFFF","svg:fill":"#0288D1"}},"expiredTopic":{"type":"topic","properties":{"fo:font-style":"italic","fo:text-decoration":" line-through"}},"boundary":{"properties":{"fo:color":"#000000","fo:font-family":"NeverMind","fo:font-size":"13pt","fo:font-style":"normal","fo:font-weight":"600","line-color":"#FAC453","line-pattern":"dash","line-width":"2","shape-class":"org.xmind.boundaryShape.roundedRect","svg:fill":"none"},"styleId":"c5a51af1-74af-4fbd-8ee5-763471448081","type":"boundary"},"calloutTopic":{"properties":{"fo:color":"#000000","fo:font-family":"NeverMind","fo:font-size":"14pt","fo:font-style":"normal","fo:font-weight":"600","svg:fill":"#00E6F5"},"styleId":"a5ee709d-fc9d-4e89-95a8-c21a32ee3ac1","type":"topic"},"centralTopic":{"properties":{"border-line-color":"#292929","fo:font-family":"NeverMind","fo:font-style":"normal","fo:font-weight":"600","line-width":"3","shape-class":"org.xmind.topicShape.roundedRect","svg:fill":"#303E9F"},"styleId":"34bcc8f6-e2ae-4e9d-a49c-9a9f21293392","type":"topic"},"floatingTopic":{"properties":{"border-line-width":"0","fo:color":"#000000","fo:font-family":"NeverMind","fo:font-size":"16pt","fo:font-style":"normal","fo:font-weight":"bold","line-class":"org.xmind.branchConnection.roundedElbow","line-color":"#35455B","line-width":"2","shape-class":"org.xmind.topicShape.roundedRect","svg:fill":"#00E6F5"},"styleId":"184a313f-244f-4f22-9cd1-a7bdd9080495","type":"topic"},"mainTopic":{"properties":{"fo:color":"#FFFFFF","fo:font-family":"NeverMind","fo:font-size":"20pt","fo:font-style":"normal","fo:font-weight":"500","fo:text-align":"left","line-width":"2","svg:fill":"none"},"styleId":"b7f3f6e4-539a-42d7-b9cb-7d92884769ef","type":"topic"},"map":{"properties":{"line-tapered":"tapered","multi-line-colors":"#5BD4FF #38B2FF #2589E5 #005FA2 #253777 #14235A","svg:fill":"#0B0418"},"styleId":"f5925e62-6971-41e2-934f-d98cc95d500f","type":"map"},"relationship":{"properties":{"arrow-begin-class":"org.xmind.arrowShape.none","arrow-end-class":"org.xmind.arrowShape.triangle","fo:color":"#FAC453","fo:font-family":"NeverMind","fo:font-style":"normal","fo:font-weight":"400","line-color":"#FAC453","line-pattern":"dash","line-width":"2","shape-class":"org.xmind.relationshipShape.curved"},"styleId":"0f5f2440-3459-4a04-b6fd-3f97a7900f37","type":"relationship"},"subTopic":{"properties":{"border-line-width":"0","fo:color":"#FFFFFF","fo:font-family":"NeverMind","fo:font-size":"14pt","fo:text-align":"left","shape-class":"org.xmind.topicShape.roundedRect","svg:fill":"#1D283E"},"styleId":"2d0c249b-7bda-4d34-8664-c0b6783ece4b","type":"topic"},"summary":{"properties":{"line-color":"#2E86C1","line-width":"2","shape-class":"org.xmind.summaryShape.round"},"styleId":"0039e8af-58d5-451e-a1fa-3b83966b9991","type":"summary"},"summaryTopic":{"properties":{"border-line-width":"0","fo:font-family":"NeverMind","fo:font-size":"16pt","fo:font-style":"normal","fo:font-weight":"600","line-class":"org.xmind.branchConnection.curve","line-color":"#2F86C1","line-width":"2","shape-class":"org.xmind.topicShape.roundedRect","svg:fill":"#303E9F"},"styleId":"5d6af447-bb74-45d2-9d2e-7cb2de506ee4","type":"topic"}},"topicPositioning":"free","topicOverlapping":"none","style":{"id":"64023395-a5fa-4dcc-8699-95c60b324771","properties":{"line-tapered":"tapered"}},"relationships":[{"id":"23cd2e88-4493-4d09-b632-e6011aa93000","end1Id":"6adba9ac-53f9-41fb-9610-239aea6cc424","end2Id":"2897be62-aa83-4e90-83c4-d71dd14cad92","controlPoints":{"0":{"x":170,"y":6},"1":{"x":180,"y":0}},"title":"id_tipo_usuario"},{"id":"9f31fc8a-2cfe-492c-a195-0733194f4324","end1Id":"fb4b59dc-29d2-406c-9c40-9cab6c232045","end2Id":"378f1a16-3fb3-4209-b8d8-fb5af13cbee3","controlPoints":{"0":{"x":635,"y":20},"1":{"x":681,"y":-18}},"style":{"id":"de0c3b69-a099-4066-8c5d-7f1ee997d849","properties":{"line-color":"#FF6F00"}},"title":"id_clasificaciones"},{"id":"1b76d125-a3e3-406c-a58d-e0459c159275","end1Id":"8bdd42b3-dafa-48cf-a577-33031c048736","end2Id":"8bcb08fa-0d08-4c9c-887b-73d25733d0d4","controlPoints":{"0":{"x":724,"y":7},"1":{"x":713,"y":22}},"style":{"id":"da6f3e23-514f-4813-9990-fd104873e854","properties":{"line-color":"#FF6F00"}},"title":"id_estadoes"},{"id":"7b28a2f1-6b56-4813-83bb-ecd4c1abf3dd","end1Id":"fb4b59dc-29d2-406c-9c40-9cab6c232045","end2Id":"1d2e1d5b-038e-4265-8646-c2c50af894fd","controlPoints":{"0":{"x":776,"y":3},"1":{"x":708,"y":-3}},"title":"id_clasificaciones"},{"id":"8b2ea08a-9656-476a-bb5f-40b456a11c50","end1Id":"8bdd42b3-dafa-48cf-a577-33031c048736","end2Id":"08bd3950-4b92-43aa-9792-6019b7dcafff","controlPoints":{"0":{"x":798,"y":1},"1":{"x":797,"y":-7}},"title":"id_estadoes"},{"id":"066a6036-ec62-422c-a402-1b4204107a5d","end1Id":"f2c7f623-e39a-4e45-8c76-1607b1a10443","end2Id":"7fb483fa-4086-45ae-b4f0-b6de4393992e","controlPoints":{"0":{"x":367.5,"y":5},"1":{"x":528.5,"y":1}},"titleUnedited":true},{"id":"94a8ea5c-4d34-4fe2-b6a9-54f582905361","end1Id":"aaf6f943-8c7e-480b-b6b3-f9144093e6ce","end2Id":"58ad54bd-2d50-4616-96da-b2b7124d07c5","controlPoints":{"0":{"x":727,"y":1},"1":{"x":677,"y":-1}},"title":"id_vehiculo"},{"id":"75667e24-ef6c-40d0-8b75-000211c5f563","end1Id":"415461d7-e535-4629-b4e3-7d0ad7c245d3","end2Id":"41afab6b-dc17-44aa-b06b-44270127c81d","controlPoints":{"0":{"x":941,"y":-2},"1":{"x":969,"y":-1}},"title":"id_comercio"},{"id":"3f997155-74e5-4abc-bb01-a7ea2d45c87a","end1Id":"7a53ff7e-c9ce-4363-8389-b58dee61e1dd","end2Id":"02237679-0ce3-4518-85ae-a51c9c586f00","controlPoints":{"0":{"x":1267,"y":-7},"1":{"x":981,"y":6}},"title":"id_grupo"},{"id":"c7b46187-eb8e-4f81-be76-285410180e6f","end1Id":"17d45144-90a2-4dd1-9e88-580ac34dda98","end2Id":"653549db-d2b5-4f4b-b51e-44bc4fd5c1ff","controlPoints":{"0":{"x":989,"y":-5},"1":{"x":1066,"y":-11}},"title":"id_entrada"},{"id":"8f992909-1b77-4201-b3ce-5725e0e1714d","end1Id":"055af420-8878-4978-8a4b-bdd05c8902a3","end2Id":"c5b23162-2aba-4718-bce8-7b8d45c06bae","controlPoints":{"0":{"x":930,"y":-9},"1":{"x":1033,"y":1}},"title":"id_salida"},{"id":"910685f1-a4e9-41fb-97c1-f45bd41d346d","end1Id":"415461d7-e535-4629-b4e3-7d0ad7c245d3","end2Id":"8dd2e18a-612d-4364-ad84-9d2469143678","controlPoints":{"0":{"x":1223,"y":4},"1":{"x":1429,"y":103}},"title":"id_comercio"},{"id":"bafb6175-a24b-4bd5-a1f4-12fad372b1f5","end1Id":"8271883c-d98d-48d8-a80f-f133be005fbd","end2Id":"195f9f13-8758-43c8-b3cc-d16b926607eb","controlPoints":{"0":{"x":819,"y":2},"1":{"x":757,"y":-6}},"title":"id_servicio"},{"id":"114ca536-b56c-4d82-a255-928f2c67c98e","end1Id":"4e7f24d3-c79a-4736-9055-b13505bc3748","end2Id":"70976d3e-53eb-4510-95ba-488dcfee2a0d","controlPoints":{"0":{"x":1595.7887323943596,"y":7.028169014083915},"1":{"x":2009.8450704225352,"y":-12.66197183098302}},"title":"id_usuario"},{"id":"3f24a712-c0ce-4a13-aeb4-dd71eeb59536","end1Id":"fb4b59dc-29d2-406c-9c40-9cab6c232045","end2Id":"24836939-c276-45da-8a54-25ba92da1c8d","controlPoints":{"0":{"x":1421.6760563380285,"y":-24.492957746479078},"1":{"x":1314.9436619718313,"y":6.183098591549424}},"title":"id_clasificaciones"},{"id":"2f00d4b1-7b2c-4e12-bb3a-e510486cc0ff","end1Id":"2c9c8261-ab58-45b2-8ecd-bed0a65e8ed9","end2Id":"2185d885-e382-42fc-b1c8-0186972e454e","controlPoints":{"0":{"x":1448.5774647887324,"y":-10.549295774647817},"1":{"x":1451.4225352112676,"y":7.732394366196786}},"title":"id_puesincomercial"},{"id":"5fc20203-fd56-4aaa-a398-67a4fd2cec87","end1Id":"3ee20697-6381-40c2-b2b3-fdf6e990fea7","end2Id":"5ff4d519-ce1b-4a4c-a001-94a1d2a68766","controlPoints":{"0":{"x":831.943661971831,"y":-3.774647887324136},"1":{"x":776.5070422535211,"y":10.816901408450576}},"title":"id_tipomovincomercial"},{"id":"edc94eb9-55aa-41b5-acc0-1caa4d8cde76","end1Id":"415461d7-e535-4629-b4e3-7d0ad7c245d3","end2Id":"c243d769-50e1-4dfd-9f5a-d8c1c8ae8971","controlPoints":{"0":{"x":1906.7042253521022,"y":14.422535211268041},"1":{"x":1963.718309859155,"y":-4.563380281689206}},"title":"id_comercio"},{"id":"58fadf25-a8d8-4f6b-a0e5-9de5778ba295","end1Id":"e85267a8-e540-4ca6-a1f8-5703ca5baeee","end2Id":"a665f9d3-27be-451e-b595-3ac3eb138680","controlPoints":{"0":{"x":461.6363636363636,"y":3.4090909090909918},"1":{"x":363.9090909090909,"y":0}},"title":"id_ticket"},{"id":"a5820fbf-ef00-4e62-8494-72afeae05794","end1Id":"e2de143c-cc10-41e1-86d1-0a59480d3a42","end2Id":"73cba41a-b96a-4601-a3e3-63d0b8296f85","controlPoints":{"0":{"x":402,"y":1},"1":{"x":401,"y":6}},"titleUnedited":true},{"id":"a2b5a656-b4cb-4957-bcc4-2fc75b4a3cc3","end1Id":"c440f581-d289-42f4-9b9f-9b0efc181eab","end2Id":"d2b46133-d98b-4b00-bb20-06fb8aa2d220","controlPoints":{"0":{"x":825,"y":-20},"1":{"x":751,"y":27}},"titleUnedited":true},{"id":"effae9ea-3c4c-4525-8308-73ddc6300abc","end1Id":"415461d7-e535-4629-b4e3-7d0ad7c245d3","end2Id":"92249d1a-e302-44e6-b775-91035aedd075","controlPoints":{"0":{"x":1105,"y":-1},"1":{"x":872,"y":14}},"titleUnedited":true},{"id":"c248d3db-4ceb-43be-9f26-139d170485fb","end1Id":"415461d7-e535-4629-b4e3-7d0ad7c245d3","end2Id":"e6ac71bc-d1a2-48a6-9911-6568b5b93972","controlPoints":{"0":{"x":884,"y":10},"1":{"x":761,"y":-1}},"titleUnedited":true},{"id":"11274b20-7684-4d29-a104-afd90bbab5a7","end1Id":"b72a29f9-191d-4bd6-99dd-87ae88640def","end2Id":"999883c3-f3bf-4ae6-bc5d-6c6528e0f68c","controlPoints":{"0":{"x":685,"y":-2},"1":{"x":592,"y":12}},"titleUnedited":true},{"id":"3603efce-a713-4275-88c7-851fa370e478","end1Id":"6d025534-ae21-49ee-a8cb-54c09ace600e","end2Id":"f3e6025c-3fd6-439e-a9e6-ab33f85ad9fa","controlPoints":{"0":{"x":272,"y":-4},"1":{"x":258,"y":6}},"titleUnedited":true},{"id":"88b7e968-1fcb-4a77-9f22-56b1a161af56","end1Id":"b72a29f9-191d-4bd6-99dd-87ae88640def","end2Id":"09981bb5-ccef-4c5f-b43e-1216bd40a6a3","controlPoints":{"0":{"x":658,"y":18},"1":{"x":656,"y":15}},"titleUnedited":true},{"id":"82692fbd-d9cb-4bc9-9aba-feffe4b26318","end1Id":"4e7f24d3-c79a-4736-9055-b13505bc3748","end2Id":"a9a484cb-538b-4d0f-8820-3ac47be5ff40","controlPoints":{"0":{"x":1555,"y":15},"1":{"x":1021,"y":-9}},"titleUnedited":true},{"id":"7000f489-3555-4744-9435-2992d8f7643c","end1Id":"415461d7-e535-4629-b4e3-7d0ad7c245d3","end2Id":"90782316-3605-4635-bcca-6c27e152da4c","controlPoints":{"0":{"x":1189,"y":-4},"1":{"x":1170,"y":2}},"titleUnedited":true},{"id":"6b08d595-555e-4e71-bb40-513267742e10","end1Id":"4e7f24d3-c79a-4736-9055-b13505bc3748","end2Id":"83c5d619-e670-49db-ab45-97dc03a6d3bc","controlPoints":{"0":{"x":1652,"y":18},"1":{"x":1085,"y":3}},"titleUnedited":true},{"id":"d13a03d4-fb0b-4798-9e80-ec15578ea4d2","end1Id":"415461d7-e535-4629-b4e3-7d0ad7c245d3","end2Id":"99fe179d-2beb-47d2-87a5-63c29baa8576","controlPoints":{"0":{"x":1426,"y":-34},"1":{"x":724,"y":5}},"titleUnedited":true},{"id":"276432fd-af3b-4590-b6d1-a207ed11de6d","end1Id":"f9f0daee-5d95-485d-b0e9-7ba23dbd01eb","end2Id":"9060e45d-5666-430a-8113-ee8a6ddc115a","controlPoints":{"0":{"x":861,"y":-11},"1":{"x":690,"y":18}},"titleUnedited":true},{"id":"7d8aa24b-a704-45ce-85f8-58d09aa5c372","end1Id":"b8c81fe1-6a8b-4ed6-b99d-a33d3da5a955","end2Id":"b50bd522-920f-4b02-8ff4-e8f6106cd618","controlPoints":{"0":{"x":460,"y":5},"1":{"x":394,"y":-1}},"titleUnedited":true},{"id":"27dece9c-637b-4f48-8a6f-59a40f4b5ee4","end1Id":"1cb39db5-1c5a-4fa4-8167-6a03122aa13d","end2Id":"5badeb55-73cb-45d7-87ff-5c3cd2261fc5","controlPoints":{"0":{"x":390,"y":8},"1":{"x":423,"y":6}},"titleUnedited":true},{"id":"eba93ecd-817c-4dd4-be5a-c791b8bd7c7a","end1Id":"dca691ca-9894-43ec-80fe-d9fb6c1bbd46","end2Id":"5978bea7-8b90-4be5-9ef8-8a5768762f4d","controlPoints":{"0":{"x":443,"y":-18},"1":{"x":369,"y":5}},"titleUnedited":true},{"id":"30b0fd62-72bd-499a-9f81-ad29f4b818ef","end1Id":"a5109cc0-0bd2-484b-b15f-d1349a644a21","end2Id":"ebf660c8-bb2c-4ab3-89ed-81174b403512","controlPoints":{"0":{"x":347,"y":-2},"1":{"x":515,"y":-5}},"titleUnedited":true},{"id":"7f5831cb-5021-4a14-912e-9806cb687fe7","end1Id":"a5109cc0-0bd2-484b-b15f-d1349a644a21","end2Id":"85f1e813-0156-41f5-8006-468a13cec5a2","controlPoints":{"0":{"x":381,"y":-11},"1":{"x":439,"y":12}},"titleUnedited":true},{"id":"35c62da7-5eb1-44ab-a926-a7a61133468c","end1Id":"a5109cc0-0bd2-484b-b15f-d1349a644a21","end2Id":"d526ecd7-bc0d-49fd-b3c4-7a946c45ad6d","controlPoints":{"0":{"x":486,"y":11},"1":{"x":548,"y":3}},"titleUnedited":true},{"id":"f549275c-6add-4780-9431-61ee2e00220d","end1Id":"415461d7-e535-4629-b4e3-7d0ad7c245d3","end2Id":"4035e48f-d0ba-4970-a0b5-0540666dc902","controlPoints":{"0":{"x":1275,"y":-10},"1":{"x":879,"y":1}},"titleUnedited":true},{"id":"8e7041dc-1c8c-4444-883a-15f350c84c45","end1Id":"415461d7-e535-4629-b4e3-7d0ad7c245d3","end2Id":"f4cb4732-6c4a-4aa8-a2f5-1a10b29d0813","controlPoints":{"0":{"x":1502,"y":-30},"1":{"x":1025,"y":6}},"titleUnedited":true}]}]